metric_1,metric_2,metric_3,metric_4,metric_5,metric_6,metric_7,metric_8,metric_9,metric_10,metric_11,metric_12,metric_13,metric_14,metric_15,metric_16,metric_17,metric_18,metric_19,metric_20,closed_account
-0.940181613,0.207300721,0.528861019,1.049907863,-0.835117533,-0.400130241,-0.394802365,2.187548396,-0.572739414,0.788068559,2.829952559,0.481079539,-0.141954446,0.222494246,0.949518167,0.83170849,-2.29809411,1.090052694,0.726359066,2.937406679,0
-0.199182834,0.655926786,1.764300074,0.517764209,1.340339841,0.006723241,-0.606940504,1.174000068,-1.829903707,-1.511114256,0.592546974,0.710257008,0.076677518,0.197514082,-1.377654097,0.836602621,-1.270138171,-1.323003511,0.59082579,0.44439246,0
0.26375525,1.565332034,-1.226079014,0.253425259,0.718595366,-0.018978086,0.127826819,0.65065666,1.930543191,-1.240716824,2.649859536,-0.810745251,0.652506773,-0.566913464,1.819934215,0.080512804,1.017901013,0.131094537,-0.119742881,-0.078144942,1
-1.78207344,-2.691367995,-0.789497604,1.472353644,0.026098185,-0.800537812,-1.412452394,-0.195017763,0.674284465,-0.823796713,-0.676300095,-1.432475573,-0.322311682,0.915371496,-0.543111876,-1.185113142,-0.343655718,-0.12127839,-0.209453843,1.395877799,0
0.076880757,-1.981505991,-0.206010471,-0.085351607,-1.014990485,0.446083715,-1.443362699,0.492054649,-0.941903989,1.613225052,-0.37854171,-0.728380174,0.027556892,0.852681998,-0.884310996,2.079614881,-0.056548868,0.653111532,1.44349896,0.074053667,1
-0.629722796,1.018533883,-0.974460385,0.299108976,-0.08398194,-0.572679289,-0.579520603,-0.137507402,-1.571185713,0.718099246,0.513700206,0.58613198,-0.442939244,-0.918607981,0.402015244,0.833076672,0.170004842,0.710028034,0.426488172,0.813004703,1
-0.200603285,0.728401344,0.497799152,-0.689012945,-0.25185068,-0.050380936,0.680930301,-0.01089367,0.959798084,0.104390671,-0.200889751,-1.311169223,-0.287205691,0.080483355,-1.486494061,0.537039236,-0.32272281,-0.645519517,0.382402324,-1.508075213,0
0.277728397,-0.823862757,0.610801982,-0.018290167,1.132378924,-0.253370067,1.765049788,-0.901314426,-0.288257214,0.590824477,-0.835579935,-1.099324896,1.800472097,-0.812233353,-0.737814252,-2.334707795,0.122286216,2.053982857,-1.65485785,-0.613292379,0
0.447798667,1.187242343,-0.118416988,0.301772764,0.3976207,0.017204152,0.201701573,-1.143859235,0.709880979,-0.469130716,0.986419564,-0.710854118,-0.168986622,-0.451516135,-0.001592277,-1.382996393,-0.689292275,1.675179686,-1.024831155,-0.881620369,0
0.469018477,1.187098361,0.201055609,1.483020585,-0.27441166,0.256560548,0.033393965,1.445247632,-1.003882497,0.038229107,-0.417629074,-0.132842119,0.273914308,0.059521736,-0.807975222,-0.339643853,0.20779992,-0.298666123,-0.279636083,-1.136267458,1
2.280703792,1.027257765,0.607934472,-0.942776994,-0.378285417,1.408324612,0.602329434,0.35703401,0.467570098,-0.519768847,-0.338341535,2.126582119,0.817890113,-0.151775177,-0.04471259,2.588763256,1.334244554,0.054356683,1.143832199,-1.092779861,1
0.339165068,1.475764461,-0.184403627,0.406991981,0.451872546,0.035335167,0.337108992,0.281519106,-1.750386662,1.072404438,0.484479123,0.696932643,1.914584144,-0.323396388,0.019508169,-0.807568242,-0.21738308,0.183990107,-0.625210053,0.565393936,0
0.476553248,-1.529334575,1.199662729,-0.515095506,-0.559696051,0.136692996,-0.030021675,2.229413863,-0.61610577,0.461932791,0.826961118,-0.250495118,-0.692555189,-0.319369745,-0.976573489,-0.471309141,-1.022609866,0.23036545,-0.442990763,0.11094029,0
0.719663479,-0.166928085,0.192734055,-2.516823214,0.503067879,0.355383621,0.443067343,0.20236062,-1.092744347,0.055826132,-0.047687125,1.19343062,0.890624669,-0.056681345,-0.188144343,-0.425951364,-0.943495014,-1.885994403,-0.402507884,-0.192718242,1
-0.551512032,-1.189752112,2.491221455,1.074476226,-0.281342136,-0.24551186,-0.776741998,-0.817412743,0.179075847,-0.554424791,-0.019733889,0.288527439,-0.102869944,0.187341592,0.75803189,0.08436819,0.022761548,0.843569146,0.191023072,0.260930941,0
0.006554388,0.235251144,1.113239833,-0.358595111,0.3143864,0.032518355,-0.722792545,-0.769920252,0.670810443,-0.051445054,-0.457501661,1.669109224,-0.662188605,0.055935176,-1.243721075,0.171129621,2.452065054,0.81140998,0.115688807,0.376721728,0
-0.290389548,-0.656154231,0.402800869,-0.289392049,2.551038468,-0.461014093,-0.18207919,-0.539915999,0.742660827,1.132807699,0.292227682,-0.760913216,-0.70529974,-0.733458264,-1.74836004,-1.097620864,0.876873226,-1.684702195,-0.777811914,-0.535629124,1
-0.90277529,1.406569111,-0.743345081,1.028522681,0.558675059,-0.29752816,-0.830855144,-0.564397685,-1.433015768,1.213183179,0.46360629,1.693151303,0.923205051,0.517468145,1.25395796,0.71975041,-2.284264422,-0.558796306,0.714343152,1.042687942,0
0.373119159,-0.664073626,0.012316533,-1.141009095,-0.703238212,0.368674188,-0.461796314,0.220758333,0.206369539,-0.075352801,0.382188156,0.2135863,0.233426751,0.700655255,-0.496136745,-0.753833352,1.069272984,-2.829514123,-0.378593864,-1.416015499,0
-0.025234742,-1.708563849,0.851631539,-1.115616056,0.337322244,-0.223880276,0.596922995,-0.561606831,-1.117767641,1.323972316,0.043429451,0.631626188,1.964838334,-0.571661168,-1.723744832,-0.523577046,0.200944944,-0.578404664,-0.438987378,-0.96958064,1
1.290146936,0.673831678,-0.807678091,0.608457576,0.909923368,0.886745973,0.799462216,-0.093635179,0.830075295,-0.895037452,-0.239502286,0.647262907,0.003720521,0.08565896,-1.055866884,2.012258249,0.403110664,-0.904765805,1.019554077,-0.386145871,1
-2.334468063,0.235865053,-0.034393471,0.883484837,-1.02714383,-0.929931402,-1.541567892,-2.565688401,0.129378818,0.403201918,-0.881756062,-0.713032924,0.48555626,0.811707883,0.348514439,1.848480781,0.705556266,-1.11834203,1.726437419,-1.956108998,0
-0.210172043,-0.60880734,-0.237588099,0.915332947,-1.322294888,-0.032787781,-1.312771908,0.75890839,-0.917476404,0.226651596,-0.591280195,0.44923958,-0.878232564,0.100118866,1.28563175,0.781521776,-1.628075784,-0.42927581,0.538145511,1.081544963,1
1.367962035,-0.482858963,0.772254687,-0.01102408,-0.769421204,0.676393423,2.190361064,-1.774504712,0.472881628,0.437163747,0.394827727,1.497709379,-0.787646892,-0.163762849,-1.083488289,-0.552565444,1.223705991,1.051190616,-0.619585633,-0.563019741,0
0.562197441,-0.93595067,-0.023967553,0.788323971,0.416162659,-0.388304824,-0.317793966,2.263305221,1.485037636,-0.798332373,0.777702812,-0.708806462,1.147530132,-1.964592898,1.339095984,-1.53367702,-1.391999375,-1.969222445,-1.462472729,-0.094279682,1
-0.786276338,0.197189298,0.941077755,1.392953856,-0.160521271,-0.505588424,0.645313264,1.277901001,-0.672125975,-0.396975011,-1.829677029,-0.731372795,1.4110806,0.265337283,-0.765959883,-2.111425422,-0.40213843,1.21199733,-1.095540148,-0.079515103,1
-0.26266766,0.221093573,-0.091013241,-0.510699608,-0.029460089,0.204371286,-0.295879214,0.813184708,0.647463209,0.408865625,0.258645363,-1.306326425,-0.363209985,1.247689827,1.106378061,-0.393141502,0.173906378,-0.38599933,0.074095754,0.251571774,1
0.987372424,1.449144374,1.630325337,-2.649357236,-0.608685779,0.730852644,0.723098134,-0.844920002,-1.370122171,0.680092117,-0.991762223,-1.078498998,-0.177046491,0.058027828,1.10836412,2.32443534,-1.243304052,0.956933962,1.259327279,0.666591021,1
-0.245143855,-0.678361029,0.836045533,-1.368273607,0.40186245,-0.288839447,0.960867314,0.358621292,-0.170311244,0.270777443,-0.09266832,0.421570222,0.011688601,0.013933047,-0.184671869,-2.246606737,1.502622874,-0.582052429,-1.329583822,0.485676966,1
1.28308272,1.146599106,1.69316118,1.711646175,0.105826708,0.680794867,-0.74396161,-0.488096416,-0.275119088,-0.021451885,0.629039845,0.445877144,-0.513445433,-0.158769819,1.617217273,0.171769555,-0.889526195,-0.723100655,-0.159416056,1.295595819,1
-0.053871219,-0.629216368,-0.124141997,-0.35483295,1.604766701,-0.337511391,-0.904682705,1.304379294,-0.04514931,-0.280020646,0.110710496,-0.66442024,0.601226044,-0.966175229,-1.118727452,-0.206290748,-0.53217109,0.190908897,-0.324094881,0.539469587,1
0.55112039,-0.342098132,-0.077117804,-0.030527674,-0.430958583,0.415343473,0.351024476,-0.228164424,0.710877487,0.489803751,-0.145126432,-0.82369219,-0.531152749,0.330631522,-0.062315904,0.101764074,1.079844226,0.145272965,0.03427408,1.15598635,1
-0.478481671,-0.27005473,1.060404441,-0.352249914,-1.235421311,-0.350642462,-0.75082888,0.43511527,1.686924117,-0.97817663,-2.176532611,1.391909412,0.210876358,-0.239905818,1.05085539,-0.150877009,2.776681745,-0.045425801,-0.057950585,-1.376429421,0
0.019676731,-0.760051481,0.28239836,-0.578926632,-0.464361594,0.317512303,0.68356798,-1.199677358,0.734910592,-0.723501823,0.833721072,0.980320315,1.658737094,0.794304518,-0.784934146,0.943933219,-0.195864181,-0.349228292,0.745349591,-0.404488482,1
0.589173613,-0.244317731,-1.893813438,-0.095841029,0.421927249,0.188063485,-1.248103785,-0.596774752,-0.581309162,-0.954815529,-0.479141444,0.427041664,0.272338533,-0.633425579,0.36418611,0.733513355,0.725585788,-1.910013142,0.207630849,1.527461497,0
0.506567963,0.038081959,1.797316315,1.381919436,0.235364537,0.821950507,-0.899561869,1.427924266,-0.517380381,1.331336789,1.577553038,0.898323635,0.14166792,1.725879581,-0.304994101,0.220886346,-0.530691668,-0.584633792,0.414735794,-1.206394105,1
-0.568315233,0.844013578,-0.529869408,0.160806719,0.425279478,-0.451639218,-0.693985873,-1.260094517,-0.779092989,1.510412838,1.743996784,-0.065066285,-0.537054864,-0.598641543,0.309231424,0.684330156,0.518243054,0.567710288,0.392980458,-1.012949633,1
-0.157256405,1.822309159,-0.935129058,0.509449591,-1.175276773,-0.631763563,-0.171906454,-1.568619083,-0.329358073,1.343880984,0.682607291,1.002047531,0.014879441,-1.438498578,0.847434556,-1.547942641,-1.561058977,-2.072340933,-1.229000031,0.616958245,1
1.68920123,-1.14749597,-0.814341216,0.854704135,-0.868120033,0.513710039,1.685795665,0.889807762,-0.97243739,0.492868359,0.094105575,0.723507407,0.687314039,-1.24635752,0.888713933,-0.751371101,1.667039551,-0.825745533,-1.031495046,1.379205688,0
0.470564479,-0.644027227,-0.67578458,0.317763318,-0.391280098,0.326872806,1.040321083,-1.782054422,0.355380721,-0.585650398,-0.01455964,-0.16186022,-0.353489747,0.298195797,-0.491582509,-0.382109175,-1.175402828,-0.521891418,-0.254708476,-0.989536508,1
1.532000638,0.457513006,-0.448884383,1.533371715,-1.436176521,0.542318886,-0.735909325,0.818210722,-0.651610035,1.37091534,-0.237555615,-0.50628028,1.994628669,-0.870385088,-0.771272862,-0.716665144,-1.308799071,0.140964319,-0.901282069,0.729267673,1
-1.780654058,-0.608609524,0.858601015,-0.399583814,1.198053047,-0.993237197,0.465659966,-1.086131409,-0.531922584,1.724491436,0.679843457,1.194927238,1.50339922,-0.257025561,-0.932847323,1.148794895,-0.540075353,-1.119860741,0.968785761,0.681916707,1
0.334903387,1.319268655,0.298561647,-0.510197122,-0.171317624,0.581858797,-0.016466966,0.776574045,0.441757685,-0.882862586,-1.636957173,-0.136632278,1.564947903,1.313636215,-1.69392277,-0.054231829,-0.588758814,-0.757419212,0.188525932,-1.390450922,1
1.146084776,0.135594927,-0.818493162,0.536856141,-0.101296983,0.576373056,1.693328213,0.373628561,-0.070862606,0.809730759,0.48888352,-0.667094011,0.72835362,-0.01906705,0.489544027,-0.839314488,1.189303318,0.158021833,-0.724362707,-1.72102663,1
-0.330855134,-0.393701302,-0.474500381,-0.959424779,-0.750579107,-0.498410018,0.841094596,0.578086465,-0.380486773,1.139581258,0.399949046,-3.39002925,0.096239278,-0.830433947,-2.194091798,-0.886976006,0.214714259,-0.108916487,-0.662278606,-0.535343812,1
-0.882316807,0.796461649,-0.358322007,-0.091804934,0.250314434,-0.311470289,0.075180137,-0.545584757,-0.059721608,-0.205262198,-0.92213093,-0.32707271,0.63223448,0.658646361,-0.512559479,-0.261953239,1.20245679,0.904328786,0.139418576,-1.927700775,1
-1.47956151,-1.424617777,0.201714011,0.871863136,0.900389913,-1.128180424,-0.611131425,-1.533403431,0.247218618,-0.379652753,-1.574438754,0.634707288,-0.894868417,-1.283711877,-0.388559569,1.267241938,-1.924521901,-2.103312065,0.766896445,0.301759634,1
-0.758857392,0.258629912,0.096815173,-1.5633786,-0.016042541,-0.391146593,0.316449864,-1.308518803,0.208206316,-0.038645518,-0.521491314,0.190492774,-0.123580889,-0.03593476,-0.771892927,0.630836799,-1.105449548,-1.552888107,0.5152192,-1.733196093,0
2.250175753,0.083668187,0.226308349,-0.821629437,0.097208773,1.276431449,1.533860769,0.743011105,-1.089716908,1.157545377,0.869704328,1.096111942,-0.791445778,-0.192295922,-1.487775097,1.112711619,0.485087963,1.547728041,0.236156116,-0.944714355,1
-0.984179744,-0.458798081,1.522134476,1.696288486,0.14535345,-0.268265018,1.87239197,-0.719577984,0.595526167,0.872853703,-0.057414989,0.870141855,-0.923791751,0.404283726,0.452296299,2.290018806,-0.988198824,1.529694275,1.666878104,0.470055919,0
0.172559318,-0.076709002,-0.636241871,1.169882053,0.276971973,0.176328145,1.392571129,0.083787106,2.322123087,-0.191098952,-1.073887365,-0.203036118,-1.624530641,0.186254631,-1.430086365,0.336826595,-1.460205522,0.015605506,0.215357658,0.16436665,0
0.164530004,0.659650654,-1.28479595,0.534059737,-0.709053895,0.239742164,0.321354865,-0.324693564,0.533044681,-0.302339794,-0.408005286,-0.084456133,-1.012175691,0.356446726,-0.262671167,0.571108741,0.163288842,1.661899329,0.396887677,1.537914977,0
-0.405464881,1.876781143,-0.821655912,2.155460649,2.050531527,-0.081235886,-0.396504926,-0.439114057,0.763117579,0.242498948,-0.831071362,1.163038834,-0.159499503,0.323852691,0.631562311,0.678175798,-0.599978662,-0.567118974,0.557936722,1.046342299,0
1.059991889,-1.322658281,1.261038025,0.449425073,1.586772706,0.417010053,1.691002155,1.814368539,0.326876407,-0.722707321,0.599858203,2.186297697,2.032811821,-0.400756876,0.66235993,-0.774131188,0.829681345,0.501353108,-0.750870468,-0.659867041,0
-0.482337261,-1.135472084,0.612941346,-0.912950357,-1.512384241,-0.505536395,-0.385476253,1.033712891,-0.980621524,-1.008442497,1.355180102,0.21141078,-0.604249418,-0.844270098,1.04729633,0.289397197,-0.25392737,1.028832426,0.082810368,-1.414219528,1
-0.251624124,0.674816033,-1.046581584,0.557457496,0.849908621,-0.025212919,0.095468633,1.135198054,-0.159727347,-0.305321877,-0.453029158,-0.680627708,1.304713407,0.442819138,-0.734601699,-0.272363887,1.272874967,0.359614241,-0.0266303,-1.14683819,1
-0.311564005,-0.867252425,1.837702802,1.245279397,0.078424098,-0.108738086,-0.445950967,-2.759035004,0.104961438,-0.143448095,0.665618793,0.543545673,0.111722036,0.175234375,0.879813221,0.175869815,-0.897273521,-0.352836661,0.201370103,-1.777665279,0
-2.117951408,-0.030465865,0.264546633,-1.367015634,1.757694429,-0.748513157,1.438869926,-0.796219237,0.798538827,0.109443144,1.4167216,-1.73492587,1.667918427,1.444149012,-2.663478784,-0.043252044,-0.422200938,-0.446875246,0.664087647,1.306315277,0
-0.977851548,-1.457890627,-0.205377045,0.778828086,-1.032809782,-0.74655305,0.826635187,-0.053970754,0.607627735,0.104064789,0.114107185,0.704622268,0.527565094,-0.629593277,-0.32490625,-0.131337133,-1.047043371,-0.126750163,-0.039870085,1.197917356,0
0.19613176,-0.714571209,-1.041892336,0.862241246,-1.642819409,0.161350364,1.260571822,0.416443834,-1.774299195,-0.120405429,-0.754719697,-0.737317911,-0.159958978,0.289150082,1.918643137,-0.517675849,2.303621839,-0.25733406,-0.29039934,0.185937131,1
0.67584002,0.110203434,-1.765921612,1.028999061,-1.180056225,0.408753112,-1.060986733,-0.556251442,-0.366701982,0.837893958,0.329184505,0.075051768,-0.498574103,0.046723796,0.617514268,0.243294916,1.057979266,0.166677765,0.037649199,-0.110599484,1
0.127669935,-1.467484094,-0.07781438,1.334257876,-1.019282347,0.362841586,-1.005384933,-1.627716072,-0.452160803,1.868023658,0.384867979,-0.655753672,0.178703896,0.771538345,-1.184050847,0.827127338,-0.534234615,1.050556071,0.649481004,0.293352874,1
0.027763968,-0.399410781,-0.394623835,0.119543302,-1.031286988,-0.050171423,-0.474625284,0.015132387,-0.030061271,0.052061628,0.839067258,-0.37910054,2.646285726,-0.083556651,-0.727052793,-0.580693371,-0.134640053,-0.530577925,-0.378749143,1.145049862,0
0.429837045,-0.278533596,-0.880336903,-0.724801761,-0.680250433,-0.191222201,-0.446612745,-0.573790328,1.474829467,-0.105578543,-1.02870304,0.97023698,-0.935574024,-0.973179876,0.749345939,-1.960934905,-1.269015563,-2.128158621,-1.487705255,0.910513735,1
-2.320762746,-1.490920116,1.603460995,0.043674899,0.927564588,-1.492531194,-0.054353365,0.747243634,1.162020086,0.259062044,-0.177816875,0.579854281,0.521918987,-1.055267611,0.909749948,1.791792265,0.601290879,-0.324535788,1.288529748,0.915550089,1
-1.573692791,1.001166612,-0.984646208,-0.872025036,-1.216927173,-0.882886796,-1.6443673,0.299122878,0.286047943,0.655667274,-0.12471015,-1.563264665,-1.509846623,0.418740068,0.036031712,-1.878240702,-0.888525179,-0.739623622,-0.778216274,-2.267296247,1
-1.074255671,-0.428223892,-1.610112846,0.037800001,0.608334281,-0.94049641,-1.517285388,0.182757341,0.336860324,-0.348040593,1.319365893,-2.327021131,0.330499541,-0.891544573,1.488568514,-1.00380738,-1.403497938,0.87522601,-0.613381998,-0.949003077,1
-0.537108378,-0.413256441,0.392196983,0.525192938,-0.334683865,-0.63855826,0.306803544,-0.704768906,0.245986768,0.739397392,-0.136840046,1.746180157,-0.354888931,-0.884248792,-1.40798648,-1.010254258,1.0192569,-1.011944376,-0.712301464,0.693058014,0
0.036444452,-0.414760827,-0.411086232,-0.347250271,-1.653875687,0.494431776,-0.139282162,-1.213366989,1.055762868,1.391218465,-0.160567891,-1.051286174,0.198368157,1.113830225,-0.911185959,1.96056253,-0.580610813,-0.648570037,1.433865683,-0.917722979,0
0.431731837,-0.564590481,0.374603385,-0.085027795,1.07440975,0.118607966,0.121918786,0.009607219,0.651875574,0.346441931,0.102000753,-1.410917619,0.753001067,-0.417322185,0.545299508,0.05661254,1.387820851,-0.662941481,-0.132469694,-0.753526059,1
-1.396611145,-0.623003729,-2.017022154,0.318094419,-0.741196663,-1.130190033,-0.338586842,-0.528626123,-0.040202489,1.573748427,-0.567798585,0.864328529,-0.51940192,-1.468266196,-0.798889083,1.376890701,-0.874186861,0.663829954,0.77956636,-0.684957936,1
0.685842651,0.818544806,-1.751543981,-1.280534681,0.265520087,0.31116677,-0.790189119,-0.281149874,-1.706786792,-0.432326331,-1.01826691,0.701745585,0.43647973,-0.094932894,-0.830202611,-0.623355837,0.167932402,1.251226709,-0.525601178,-0.29466553,0
-0.615831002,0.651278594,-0.383455741,-0.42678924,-2.021454507,-0.218397131,1.436421689,0.35199984,-0.349834897,0.340837191,-1.287853362,0.099066894,-0.12111673,0.211643941,-0.907902555,0.885950238,1.208093983,1.349015377,0.698975848,-1.057059961,1
-0.668950374,1.865115953,1.194730386,0.385680853,1.023044162,-0.36475155,1.834785316,-1.205959177,-0.156664356,-0.103842843,0.288829198,0.160969456,-2.029160415,0.207160167,1.661288092,-0.773890434,0.534022115,-0.020149614,-0.309524159,-0.798031323,1
1.578019851,1.192264749,2.091368244,1.153601755,1.383641317,1.228600375,1.716467326,-1.277520388,-0.302678007,-1.06551182,-0.201506494,-0.360714973,0.178607857,1.499439098,0.543103354,-1.555697587,-0.617871397,1.333390223,-0.915043848,0.807486159,1
-0.625955129,2.186013091,-1.511216727,0.308662442,-0.395816637,-0.30550453,-0.746660441,-1.176224501,-0.3383294,0.167435735,2.026301771,1.611467245,-0.407678308,0.288304992,-0.425385667,-0.621221853,-0.115624635,-1.800619132,-0.206285878,0.528029225,1
1.481725056,-1.200222373,-0.895022445,-0.690412269,0.718514012,0.852645715,-0.652771705,-1.940976144,1.048450029,-0.929778528,-0.88277689,1.160485013,-0.772172018,-0.13604437,0.305811114,0.948366991,0.060891319,-0.755548317,0.285629852,0.14489629,1
0.468542315,0.802740656,-1.87132547,0.358069469,1.199573554,0.281936345,0.121267621,-1.307695823,0.054015676,-1.517021653,-0.32114814,-0.025572031,-0.696581806,-0.022106529,0.707339476,0.385883735,0.824225759,1.308556781,0.147504019,-0.689125348,1
-1.308261107,0.474494416,-1.796972257,-1.064414378,-1.017405201,-0.529095854,2.384345378,0.933995875,0.280508796,0.333594918,-0.875810725,-0.552935101,0.433438455,0.662206486,1.635082345,0.01621028,0.913518754,1.008880463,0.387179995,0.75601626,1
0.373044534,2.687306317,1.32110938,-0.032648578,1.279257768,0.173197098,1.203402734,0.252853504,-0.946472233,0.217243726,-0.17601458,0.338122002,-0.191794621,-0.059487346,1.229499423,-0.247961683,0.036100403,1.983848135,-0.23175154,1.870469754,0
1.441105042,-0.573452482,0.323326878,0.416263179,-0.170397175,0.748301655,0.428558693,-1.13666229,-0.063578329,0.102408698,-1.457714776,0.765608793,-0.613932797,-0.012638997,1.118763821,-0.765712504,0.217807926,0.502564793,-0.73090311,0.575198047,1
-1.326740583,1.456045249,0.423946539,-0.074368247,0.201256373,-0.742405599,-0.781693183,-0.6527454,-0.349371567,-0.199365443,1.172173245,-0.607664414,0.230469034,0.018471922,-0.011447771,-0.094846376,-1.668024346,-0.407413193,0.184285535,-0.386163832,1
0.32970344,-0.033743904,-0.616047777,-0.199287579,1.266053746,0.12446021,1.234055814,2.200287269,1.470084354,-0.103958126,-0.240126154,1.35343976,-1.479425508,-0.050369956,1.943382549,-0.640680258,-0.685866839,-1.130933854,-0.462647788,0.169728904,0
-0.370292871,0.081186197,0.827921314,-1.418900414,0.273482701,0.115165225,0.969674037,-0.650162851,-1.975017582,-0.458547594,-0.561678191,2.588170793,-1.057259571,0.982754518,-0.379504186,0.345335803,-0.05751511,-0.422498661,0.489084416,0.444611701,1
-0.698189345,-0.277183294,1.187623551,-0.873725597,0.61922339,-0.567281365,1.579789305,-0.093163491,0.806947286,0.359672747,0.723340925,1.308034141,-0.307630196,-0.557014993,0.223355412,-0.11733082,-0.71317688,0.925874409,-0.065970425,0.432433187,0
0.216677083,-0.827392197,0.570025913,-1.499865413,0.959813304,0.115544688,0.95076482,-0.138466115,-0.420943065,-0.310098121,-0.327145553,1.010869894,0.022643241,-0.112675656,-0.858411155,0.412233762,0.392228215,-0.914884666,0.189476137,0.93787153,0
-0.345055995,-0.405651944,0.59515805,-0.550483766,-1.146444079,-0.173955374,0.8683981,-0.029449617,-2.338860335,-0.237075979,0.178512227,-2.235823615,-1.09956652,0.102601806,-1.52720142,-0.176351834,0.560547936,-0.86395506,-0.024027262,-1.068153281,1
0.68524395,-0.925320089,0.088668618,0.442288765,-0.2347988,0.299147156,-1.656433607,0.158247569,1.885548754,0.006158044,0.185720919,-0.230836955,-1.315353573,-0.160217341,0.639343885,-0.506499273,0.085439869,-0.442368012,-0.467900511,-1.167930871,0
-0.495840138,0.564864788,1.046319075,-0.390966971,0.048087369,-0.354652079,-0.982661807,1.307226433,-0.043492066,-0.081249547,0.339038426,-0.028877986,1.613664345,-0.288427792,-0.72807578,0.142906274,-0.125491036,-1.031736413,0.114773469,-0.15287915,0
-0.966123552,3.185332291,0.507658656,0.333245386,-1.157559109,-0.58667672,0.887309127,0.309552974,-0.842523331,0.981488384,-1.179248206,1.302152527,0.323632366,-0.19643648,0.749590404,0.184343187,-0.606680388,-0.362580053,0.244426744,0.892853353,1
-1.025069217,1.091345528,-0.193875013,0.583863399,0.525633853,-0.426391726,-1.458015035,1.453646729,-1.017192286,1.62188792,0.013893722,-0.562979366,-0.583128246,0.356042276,-0.042214146,0.553405409,1.035577871,1.149637808,0.599745212,0.422349692,0
1.311194792,-0.717221382,0.067634244,-0.202376277,2.8498536,0.600125249,-0.7646176,2.400242122,-0.407896952,0.638150682,0.845680368,0.414110376,-1.106417359,-0.503230478,0.462890409,0.288478673,1.848197261,1.954738763,-0.166885044,0.253945399,1
-0.006736603,-0.060636131,-2.341799253,-0.947512964,0.681705319,0.060961466,-0.848485989,-0.456336312,2.043276897,-0.560597863,1.026372669,0.673299714,-0.736267457,0.254610083,1.134034938,-0.18002337,0.2630687,0.358510486,-0.054453604,0.46558926,1
3.034524416,0.494083372,0.943697827,0.530758548,0.351870345,1.849060794,0.56548234,-0.33579452,-1.0125514,-2.200880591,1.345465524,2.834732223,-0.4919369,-0.282171185,1.301246014,3.438534126,2.836478077,-0.176567304,1.501076019,-0.27145482,1
-0.823715368,0.819383583,0.081314147,0.491987343,2.582238414,-0.525263002,0.798796413,0.320121857,-0.977182381,-1.405207921,1.424318259,-0.405590365,-0.865581687,0.270120885,0.49828846,-2.114356699,-0.112647781,0.305719507,-1.089581152,-1.633498787,1
-1.33743959,-0.501422356,0.789239017,-0.481768116,1.29686629,-0.252172337,-0.529866131,0.076123606,1.545396698,1.201020319,-1.412668185,-0.842160523,0.77754155,1.351552939,-0.779729283,1.227169821,-0.122146354,-0.268318375,1.282405717,-0.877590773,0
-2.68763856,0.135345201,-0.795141792,-0.930683073,0.872205418,-0.927635774,0.723301297,-0.73060403,-0.753176171,0.279660466,-0.797197253,-0.246281291,0.250521977,1.831335716,-1.25409328,0.27036252,1.707548426,-0.187444859,1.041742814,-1.54839488,0
0.54719492,-1.88677031,-1.346723316,-2.215881434,-1.09615203,0.147004514,-1.685338751,-0.285847294,0.872956404,0.683385186,-0.781241345,-1.289813091,1.874196439,-0.747543611,-0.938428993,0.978452101,-1.88413738,-1.563946565,0.340770761,-0.725946447,1
0.639310049,-0.458574256,-0.888665169,-0.208824952,0.203916231,0.471734449,-0.396262413,0.016038913,-1.437276341,0.327329929,0.27082648,0.273075104,0.393384502,0.300557722,0.268521285,0.335397305,1.986380939,-1.256997535,0.15513122,-3.023328975,0
0.118621746,0.731256839,-0.408711144,1.535680091,1.068741493,0.258976775,0.891140992,0.258215648,-0.083516609,1.7822393,0.59249354,2.76157394,-1.600007473,0.475784505,-2.101849352,0.696198164,-0.012806606,0.598194623,0.507401435,0.683547516,1
-0.062880819,0.746240864,-0.654576724,-0.282998869,-0.857415814,0.010066146,-1.809622759,-0.05682918,-0.318905908,-1.293802568,0.257561552,0.983815812,-0.519207361,0.071972094,-1.844762165,0.336459926,1.388749618,-1.659906172,0.232917368,-0.013001048,0
0.17308098,-0.46210487,0.103413319,-0.32146571,0.845747845,0.312606614,0.819581852,1.351401782,0.493288299,-1.478878899,0.987098778,1.482879989,-1.691162529,0.869710363,1.094753865,-0.689937155,1.46514128,1.739950542,-0.267206165,0.444725038,1
0.965400206,0.574072817,-1.712646154,-0.408084638,-0.691657977,0.702916821,1.021126071,-0.09938379,1.706230447,-1.196358631,0.645015283,1.717439474,0.912188189,0.540446067,0.713692171,-0.00737711,-0.463519369,0.386615755,-0.062024368,-0.88986561,1
-1.170153559,-2.536741214,0.805500444,-0.326327232,-0.176597819,-0.957503516,-1.407383634,-0.959408438,-1.0304334,1.173952204,-1.209303768,-0.314619103,3.049107695,-0.901479141,-0.319312985,-0.433825796,0.263460272,0.493761195,-0.249017706,1.104121109,0
0.441049961,-0.453672688,-0.645890998,-0.514376837,-0.478623648,0.153527164,-0.516158897,-0.336545322,-0.023596681,0.858767068,0.768881455,1.744997362,0.973148508,-0.173858576,0.895600996,-0.578755681,-0.6619017,0.125738395,-0.471218144,0.303938264,0
-0.953697952,0.520265794,0.571472389,0.415402278,0.495696253,-0.194593989,-0.283771764,1.498134342,1.121801946,-0.270249633,0.020812362,-1.259511663,0.523664949,0.724736757,0.011059086,1.706058558,-2.332531449,-1.723090815,1.372351126,-0.442666266,0
-0.716653376,0.877173731,-0.754990791,-0.664060682,-0.248077006,-0.292099999,0.426884544,-0.828084185,-1.079008208,0.167003256,0.350719124,0.312891252,-0.868155609,0.106141421,-1.766783438,1.096719103,1.109665636,-0.647862915,0.823602225,0.460884065,0
1.396063317,-0.727508212,-0.540669096,-1.041186575,0.536697719,0.715645904,-0.017038078,0.55675745,-1.065057503,-1.544034685,0.746686011,1.16632144,0.324106008,0.084139251,-0.560362004,-1.296031918,0.521075577,-0.251513407,-1.026995419,2.273314395,1
0.623713517,0.31624412,1.481892746,-0.765688516,-2.270514213,0.684542426,1.04331556,-0.322942343,1.823025323,0.621377395,-0.20192477,0.752452718,1.534048507,1.141417007,-1.64728206,-0.147383833,-0.182276466,1.932071189,0.042578426,0.592854229,1
2.002950845,-0.566301953,0.296893131,-0.08791028,-1.52321392,0.624942464,-0.39579487,-0.60180959,1.191458231,1.255265009,-2.284690144,-1.21251731,-0.980163783,-1.592116887,-1.495904739,-0.164335805,-0.125860012,-0.060890963,-0.802379824,0.4184322,0
0.78174538,-0.81955427,0.075716399,1.221992234,-1.132975826,0.306967688,-0.375920591,-0.189909397,0.288961629,-2.171077703,0.005302993,-0.11384789,1.490177118,-0.351511711,-0.152098681,-0.334925892,-1.08784319,0.267056818,-0.421167644,0.579535494,0
1.316010864,1.11774343,1.694267392,-0.160038858,1.000992947,0.801912901,-0.944661963,0.819339179,-0.191172323,-0.06485202,0.53249382,-0.61191445,1.371879045,-0.083598817,-0.470252306,1.322113422,0.037972346,1.663732267,0.555684923,-0.840376035,1
0.060854775,-2.577426884,1.43909786,0.5265064,-0.670997873,-0.062613073,2.21656435,0.087001913,0.383497185,0.24810625,0.38666413,-0.841041356,0.858423687,-0.381037613,0.831056189,0.272949918,0.391423829,0.883817574,0.074534199,0.764424012,1
2.586149447,1.321682906,-0.919498056,0.694832108,0.416870799,1.209143188,0.79938338,-0.624643952,0.457667561,0.432173635,-0.175365709,-0.318989069,1.037528731,-0.688570467,0.183109081,-0.391554598,-1.835128046,1.139087565,-0.852493881,0.822703192,1
0.437508687,1.423849823,-0.081226898,1.250433093,2.083063887,0.376380807,-0.615393024,0.474384187,1.195366433,-0.407351694,-0.557521325,0.521526184,0.401281374,0.274701734,-1.164610353,0.699029419,0.018773653,0.424569876,0.408668327,-1.02232818,0
0.131133058,0.344356779,0.077133629,-0.092111175,0.304521946,1.050983471,2.044573615,1.058312383,-0.966231634,0.207272452,2.28357557,-1.279568504,0.447750047,2.561419545,2.190111635,2.889467439,0.434593304,0.968885341,2.296739777,-0.13190263,1
-0.174268334,-0.777018477,0.640695344,0.425119893,-0.656096734,-0.368130839,-0.086905901,-0.724225355,-0.228900384,-1.821096544,-1.227255571,1.091400722,1.29234804,-0.961260906,-0.697570618,0.299984702,-0.572162475,0.89561326,0.008822793,-0.502109906,1
0.513352206,1.083720081,0.655984944,0.297512727,-0.485532591,0.427880575,0.528147478,-0.03676334,1.293031983,-0.993859743,0.638478535,0.218180858,-0.056149712,0.346402386,-1.255589498,0.517180805,-0.521926835,1.070437552,0.298997393,0.96663022,0
-1.318887947,0.440813784,-1.63845363,0.42037602,-0.028111253,-1.156819569,0.357630419,-0.560462252,-1.469413155,1.162500825,-1.510681229,0.61358406,0.359341421,-1.806536676,1.480356319,1.845379928,0.133062167,0.245964778,0.980066781,-1.67731595,1
0.391725755,-0.095828692,-0.075979682,0.261645297,-0.630267552,0.307363036,1.050765503,0.669952717,-1.095310571,0.952098091,2.508395091,-0.316563485,0.677209121,0.247346642,1.587745416,0.193271212,-0.092103463,2.338965463,0.101116671,0.806128022,0
-0.020651243,0.006247665,0.773382806,-0.147370159,0.549532218,0.041004513,-0.295215099,-0.531253011,-0.381672835,-0.793796079,0.545828371,-0.549843552,-1.126949488,0.144737503,0.971617755,0.124383063,0.409069581,0.236681446,0.110993323,1.008252065,0
0.518580826,0.393995303,-0.791455535,-0.641888871,1.441181953,0.287197234,-0.2143208,0.64896552,1.468843167,-0.829008451,1.34605821,2.150544031,1.796637523,0.059269024,1.033627826,-0.296222249,0.251060725,-2.02031429,-0.261990535,0.516381525,0
-0.106615008,0.455941243,-0.475539039,-0.077736234,-0.097059091,-0.300566029,-0.288139025,0.390392432,0.246869914,-0.030895432,-0.258775787,-0.277772103,0.190664388,-0.525834755,0.51547,-1.172903909,0.742528413,-1.201704138,-0.812407789,-2.285317437,0
1.424275921,0.135248727,-1.04314147,-0.04728087,1.384910074,0.88551601,0.035372664,-0.342892481,0.846292944,1.448234298,-0.108547894,0.33358717,1.167365133,-0.174701195,-0.889996174,2.052441789,0.356888657,0.679540809,0.964190588,0.132979458,1
-1.421872543,-0.607563827,-0.943481991,1.532096364,-0.503017244,-1.112283529,0.647119715,0.345945313,-0.661666795,-0.583153306,0.029661851,-1.126874857,0.801573727,-1.300022982,0.287818506,1.103235711,0.27183202,-0.914124545,0.652531388,-1.33042519,1
0.522617731,-0.099332637,-2.233841819,-0.352293448,-1.080800054,0.339923487,1.687283025,0.1193354,-0.262325934,-1.239185235,-2.655855073,-0.647089321,-0.221012709,-0.02917387,-0.48248604,0.81645673,1.382134513,-0.092130513,0.400106798,0.975865811,0
1.585912436,-0.466786809,-0.181967342,-1.42123006,0.295038551,0.701039346,-0.392355259,0.490893053,0.151801638,-1.170428269,0.19467182,0.352810145,0.650109453,-0.40464106,0.743165726,-0.899243818,-0.066574206,0.555253531,-0.922885478,1.60767617,0
-0.157723317,-1.176393667,-1.241702148,2.195431999,0.521515142,-0.243933588,-1.633564221,0.950658155,-1.374562888,0.845066685,0.703271933,-0.317492152,0.170977588,-0.773360578,-1.377035463,1.134218588,-0.091352417,-1.156462983,0.557363571,1.683648479,1
0.932679074,0.627718462,1.846010422,-1.056003099,-0.418691199,0.676754364,-0.437025992,-0.279710395,1.273526122,-0.63483222,-0.355585712,-1.965321651,0.255752943,0.394184932,0.346497601,0.517872301,1.904521673,0.895686499,0.23431613,1.10102912,0
-1.306522239,1.051148999,0.492406221,1.469817133,-2.447485225,-0.664340049,0.067805767,-1.39892104,-0.771172747,-0.147102381,-0.768840513,0.77732697,-0.174898754,-0.108912706,-0.726971019,1.422452291,-0.490278929,-1.108609372,1.083051533,0.067965574,0
1.257668235,-0.114131291,1.735891038,0.38081182,0.189382182,0.817290355,-0.698075356,0.201946939,1.631214434,0.904600411,-0.000949913,-1.02233335,-1.706000482,0.622433854,0.582782452,-1.070043987,1.052719303,1.384863264,-0.748113028,-0.164391488,1
-1.455676264,-1.007472588,-1.106644679,-0.13700362,0.596257162,-0.39090965,-0.321263699,1.039466481,-0.058219317,-0.227346923,1.076825543,0.204063896,1.228495331,1.166867393,-0.110413488,0.987620071,0.975273584,0.270619112,1.117229452,1.123753544,0
1.06623058,0.339101606,-0.831901694,-2.543873288,-0.565656115,0.486485306,-2.101441136,-0.762469411,-0.941523214,0.503915998,0.746342724,0.303095534,-0.577308511,-0.235898578,-0.720235187,-0.544083875,-1.905315132,0.868329481,-0.575644391,0.171698512,1
0.303799218,0.69029458,0.181276589,0.071966561,0.927568983,0.107379246,1.768144444,-1.505839812,0.170830084,-1.249768936,0.81876853,-2.315168249,0.426233009,-0.136858451,0.568353143,-0.300533787,1.120514277,-0.620464783,-0.268127134,0.076399152,0
1.621263765,-0.782750086,-0.961831801,1.06602105,-1.535793476,1.030640864,0.71678414,-1.506345145,-0.96331209,-0.819952786,-0.014042377,-0.110358957,-0.560191006,0.51342305,-1.058864104,-0.447763845,-2.318538194,-0.124842906,-0.455546132,-0.567959115,1
-0.731984162,-0.460544309,1.916673517,0.622736997,1.04096097,-0.822221328,0.856473441,-1.760579519,0.038945603,1.080654851,1.307154722,0.638398434,-1.638938856,-1.175169144,-1.539714891,-0.816134967,-1.638498346,1.079508129,-0.620770351,0.704316161,1
0.023322871,-1.141118642,0.206214691,-0.29014159,1.95174386,0.093470611,-1.11662505,-1.346777609,-1.16714614,-0.055538517,-1.135917554,-0.563149554,-0.207717385,0.112786586,-1.390711538,0.665390574,0.708998643,-1.221753485,0.427740601,0.135356218,1
-0.7815884,-0.162922481,-0.769910101,0.22747491,-0.403357763,-0.629244995,-0.662002549,-1.162660421,0.426977583,0.954674338,-0.47088873,-0.030119478,0.860634343,-0.854132419,-0.875562816,0.958933202,-0.679716385,-0.219267178,0.544739357,0.671043427,1
1.043710763,0.76616204,-1.944154093,2.369085706,1.674299802,0.509774527,0.495492222,-0.214127864,0.834831564,-0.463308264,0.67789064,1.323298849,0.015963607,-0.163168002,-0.357562845,-0.345263314,0.130857957,-0.393043448,-0.434157738,0.677307297,0
0.673706813,1.201601293,1.188019506,-0.225234959,0.178366709,0.148574196,-1.387630359,1.460646361,-0.309249779,-2.301286413,-1.497505766,-0.604474891,1.148330069,-0.897326185,-0.813288357,0.637381692,0.890308467,1.162313097,0.076892204,0.673940918,1
1.643591422,0.514631272,0.152565643,-0.102486385,-0.973545651,0.831960175,-0.559537787,-0.610044681,-1.493449855,-0.384137382,-1.125898703,-0.919776324,-0.233991414,-0.086571339,0.161650841,-0.867485547,-0.000852205,1.341253626,-0.845524058,-0.211407096,0
-0.133163059,0.969832419,2.861898552,-1.672779802,0.403027653,-0.323673811,-0.391858305,-0.9174174,-0.846486424,1.21455612,0.076486741,1.384972623,-1.358515033,-0.595821043,-0.662556249,-0.986387551,1.358895367,-0.111098873,-0.708367971,-0.270669181,1
1.181511298,0.054272845,-0.320776314,-0.150801243,1.329728962,0.187862226,0.485852628,0.48250677,-1.046499186,0.290998221,0.137069235,-1.35882543,0.383312328,-1.335654306,-0.917593233,-0.96800378,0.391809178,-1.34847557,-1.092163688,0.704112688,0
-1.78016549,-0.167680241,-0.248860967,1.162344468,-0.638518964,-0.677429097,-1.847887816,-0.355292622,-1.677761172,2.130524695,0.681275562,-0.750084001,0.786515456,0.987984213,1.589128914,0.254586527,-0.632019278,0.722928359,0.68797863,0.87278209,0
0.903736505,0.683933589,-0.701934945,-0.213541471,-0.181076305,0.683993177,-0.156589132,0.984312848,2.039899256,-0.364677999,-0.755949355,1.763689523,-0.103410127,0.554212281,0.123648352,0.156145468,-0.204436738,0.470061759,0.052212451,-0.338990557,0
0.616641564,1.188811042,0.572389194,-0.926098283,0.478726559,0.151382971,0.461845113,3.006065489,0.690889326,0.565420215,-0.542445872,-1.586311839,0.870375052,-0.404913377,0.269901389,-1.013221518,-0.186898467,-1.31965712,-0.818589617,-1.278472387,1
1.755620777,0.24697751,-0.511288024,1.206492578,-0.886766236,0.458982708,1.546877084,0.359578141,0.710828668,-0.9269408,-1.056205717,-1.514163867,1.178495634,-1.708172855,-0.514189324,-0.056964228,0.249787315,-0.659233754,-0.717046213,0.972561446,0
-0.014101923,-0.227162327,-0.273799698,0.676009425,0.161675543,-0.055016917,0.557804097,-1.050625231,-0.015706494,-0.060821676,-0.502454252,-1.30622363,-1.228029501,-0.144841693,-0.909986725,-0.046072802,1.228373788,-1.16209061,-0.056784516,0.19364414,0
0.852971404,0.287052355,-0.971318657,0.098260551,-0.011727525,0.395908655,0.005237815,0.591693193,0.850024126,2.385684456,-0.678101207,-0.928949597,-0.210252522,-0.322174013,-0.680809717,0.244295124,-0.973526189,-0.16361712,-0.072747961,-1.623385625,0
1.217651601,1.326150385,1.346922211,-0.37196142,-1.545689388,0.846352272,1.287605261,-1.958547146,1.274490064,0.472250757,-0.21245201,0.346569774,1.377098451,0.558888829,1.03987954,-0.05234651,-1.474333908,1.299046989,-0.130955544,-1.714289552,0
0.251489182,0.825041582,0.355816051,-2.045009097,0.694618674,0.831248888,0.08200218,-0.100867868,-1.168890777,-2.232693904,-0.389629601,-0.196960699,2.016560383,2.212262785,-0.263018744,0.282871044,0.630859608,-0.571016555,0.60295197,0.596959767,1
0.480689787,-1.027735207,0.640501932,-1.727563522,-1.419066356,0.425786782,-0.270756484,-0.264958394,-0.063729837,0.126110288,0.850763448,-0.340690636,0.469076399,0.172026877,1.253879289,1.511176136,0.89799009,-0.601629894,0.876521967,0.159970374,1
0.242048054,0.444025889,-1.340078571,-0.013399922,-0.627140819,0.389398487,-1.045901033,2.034875288,-0.049581158,1.445017814,0.025168851,-0.805976372,0.406534406,0.625698061,-1.883564182,0.926130523,1.742380989,-1.162133578,0.658288779,-0.808570675,0
1.763909401,1.03004023,0.667460261,1.22994497,0.920459743,1.173503194,-0.302675542,1.093460285,0.50789319,0.950800019,0.685329592,0.088201564,-1.263246068,-0.010171451,0.368799859,2.747453569,-0.05742888,0.102126992,1.364340824,-0.290951669,1
-0.984475188,-1.004445575,-1.617615671,1.721784032,-0.145245519,-0.426290744,-0.3424745,-1.846319546,0.107226566,0.394358384,0.670230954,-0.078574155,-1.516231932,0.468643659,0.399805745,-0.263347596,1.474499654,-2.311916189,0.116143661,-0.551593007,1
-0.141076333,0.768359778,0.659135651,-0.368939538,0.81202715,0.711572545,1.007251936,0.602158011,0.619092019,-0.733017888,-0.887276457,0.474997693,-0.62571548,2.551187988,-0.772558795,0.238134048,-0.339253271,0.341988821,0.718833327,-1.105627013,1
0.345560278,0.524252015,-0.7377435,-0.61079035,1.279609394,0.485473437,-0.480653352,1.015241156,-1.546115319,-0.083282059,-3.238077203,-0.623231783,-1.112256217,0.639286105,-0.992308406,1.417097867,1.686363821,0.061254373,0.943447383,0.174987619,0
0.224945277,-2.256123523,-0.474357742,-0.283028723,1.305439038,0.388935369,-0.342385071,0.910954206,0.087056051,1.473033524,0.745134275,0.087662926,0.006086844,0.61179628,0.795025802,1.117741742,-0.196967807,1.273900325,0.775790433,-0.990487558,0
0.674085535,1.199946619,-1.165543915,1.338196166,0.891628446,0.605160636,0.93358209,-2.064869104,-0.512173657,0.39984226,0.284371357,1.425260354,-0.271745326,0.076747827,-0.105692661,2.953524165,0.974503921,-1.468958223,1.705128935,0.329770187,1
-1.485372213,0.706443728,-0.244142875,-0.460312083,1.054316387,-1.043351598,1.019602668,1.35364547,2.224340076,-1.84561514,-1.579167522,-0.020831774,-0.77233605,-0.862799219,0.158530694,0.697187711,0.316011985,-1.395471913,0.508974537,1.92174897,0
-2.993320805,0.927742267,-0.432544675,-0.602366054,-0.102079984,-1.247510304,0.101215238,-0.402795256,-0.470657754,0.280416482,-0.671367989,0.671257611,0.221644872,1.637523712,0.237835344,-1.028905314,0.370878831,-2.261873155,0.258942087,0.951808074,0
0.700284025,1.106702352,0.231322591,1.343523,0.099913806,0.368794494,-1.189371441,0.37534961,-0.871711771,0.130242551,-0.272584922,0.007896708,-0.775234248,0.04691201,-1.389441612,-0.529346834,1.459400183,0.573956923,-0.440147474,1.235484033,0
1.553835439,0.640646554,-0.212811772,0.888744743,1.160539606,0.533389002,-0.044246121,0.707525226,-0.633326918,0.689430028,-0.285991331,-0.892565765,1.742775983,-0.700030075,-1.056795194,-1.764688421,0.341798611,0.046253957,-1.510829813,-1.773607234,0
-0.200033203,-0.274762637,-0.828311694,-0.275852163,-1.274357863,0.245901248,-0.094300837,-0.03857424,1.325790769,2.449096168,-0.000670612,-0.813665459,0.846633205,0.791160756,1.434374655,1.69421894,0.558620777,0.485499564,1.24390581,2.891515848,0
0.267920213,0.622767931,-0.560864194,-0.031379925,-0.530790681,0.05676387,-0.678952289,-0.982975282,0.470652289,-3.24122505,1.066835623,-0.786971342,-1.109218523,-0.363772161,0.320677447,0.250289155,0.141656696,-0.720349666,0.027140904,-1.490822696,0
-1.053271873,-0.932242936,0.180151805,-0.330171352,-0.048512154,-0.508161354,1.354215622,1.037842675,-0.342497524,-2.596306613,-1.003457888,0.79250334,0.155973535,-0.093954777,0.06515117,1.568097499,0.712815293,-1.322688338,1.129993904,-0.006556363,0
1.162291892,0.314542693,0.230144054,0.682421162,0.443898475,0.754616453,2.09977044,3.054889107,1.521743963,0.346986727,-0.925467004,-0.116599051,-1.978953097,0.051721374,-0.70269387,1.286969764,0.398681534,0.404729815,0.59082005,0.103174785,1
0.21123908,0.107037657,0.548459469,-1.563961331,-0.667832381,0.327164956,-0.018820006,-0.894302773,-0.082918182,0.2138071,-0.662820566,-0.913133331,-0.307942764,0.46443284,-0.459764312,0.982282577,-0.30236728,0.672063179,0.663621159,-1.662208479,0
-0.749867159,-2.230626831,1.195724939,0.04110052,-0.106289608,-0.359562907,-0.599759482,-0.244209182,-1.267696133,0.481962014,1.159165149,-0.36330946,2.16440166,0.268265657,-0.897085104,-0.315108857,0.10918934,1.567167304,-0.000743872,1.428942279,1
-0.927324393,-0.132611648,1.416829495,0.959843206,-1.624100222,-0.472210263,-0.794822358,0.836557172,0.550025286,0.153634119,1.748305905,0.080090344,1.587987324,-0.024632386,1.358653148,0.769773622,1.620715411,0.879161422,0.633056498,0.312767525,0
0.54632291,-0.625854638,-0.463583235,-0.918004395,-0.83269417,0.007076682,-0.476701199,-0.748979018,0.767803902,1.376204567,-0.134284616,-0.124046681,1.499158314,-0.48906506,1.796325941,-2.157364583,-0.119635338,1.400698524,-1.52509877,-0.364027387,0
0.510660762,1.593222213,-1.814449691,-0.641929964,1.338618312,0.322880377,0.50530692,0.467108212,-1.627090993,-1.524512163,-0.557067269,2.011308317,0.351170531,0.040810576,-1.647739406,0.361730312,-0.02473864,0.167934559,0.138638199,-0.323962613,1
-0.453445567,1.345343713,-0.865486214,1.171175228,-1.585637926,-0.067411711,-0.808888011,-0.599296077,0.758664554,0.707555282,1.180828981,0.563190943,-1.37901913,0.806900763,-2.721329289,-0.846051904,-0.336359904,-1.462225606,-0.263749837,-0.200574595,0
-0.953707072,0.057277679,-0.77241921,0.738222717,0.013618871,-0.584723149,0.082384011,-0.589615025,-0.367157111,0.257646515,-0.093774356,2.022377347,0.494294578,-0.27033247,2.463359467,0.435244341,-1.755124649,-1.169567915,0.380077236,1.882351436,1
-0.788474818,-0.242321929,1.476307207,-0.420753667,1.242662211,-0.409437055,-0.167401775,1.216982936,0.043373189,-2.254953701,-0.318399144,1.66673383,-1.588579778,0.186832644,1.241554573,-0.366894355,0.682071515,-0.339586847,-0.043015405,-0.178801309,1
0.678771736,0.027255252,0.006282147,-0.374321959,-0.056261627,-0.050403258,-0.405737239,1.258716312,-1.117334427,1.317612638,0.505877201,-0.837007286,-1.188949225,-0.93497017,-0.140092188,-2.103198491,-1.215273017,0.648936923,-1.611415786,0.069813749,0
0.775103957,-0.726004249,-2.453292423,1.113921253,-0.812536472,0.525428642,0.768645522,1.044610118,0.347348226,0.59111258,-1.615460799,-1.010284133,-0.654525856,0.450942852,-0.137878047,-0.640679912,0.401570362,1.929486667,-0.435097463,0.785370844,1
0.007702888,-0.139990806,-1.078204184,0.029569775,-0.022590998,-0.068576871,0.261284322,0.700476387,-0.331509175,1.381823857,1.229492001,-0.264846349,0.016841159,-0.210197366,1.255598326,-0.131294414,0.586141086,-0.351860358,-0.126950894,1.368814898,0
0.385668312,0.037667953,0.180160447,-0.59748975,0.756599565,0.26261898,-1.546152822,-1.710848117,-0.529508742,-0.306880172,-0.186416318,-0.895751185,-0.192139476,0.116912804,0.279685934,0.167451106,0.388263651,-1.457731681,0.058388814,1.117528828,1
1.198458612,0.290708541,-0.068704398,-0.54341392,-0.335380661,0.236833753,-0.840806748,0.272937257,0.934440082,-0.138053729,0.233917325,-0.964286052,-0.606671899,-1.150150411,0.608676529,-1.209388459,-1.696982878,-0.495118121,-1.203305707,1.559725496,0
1.411683513,2.276815827,-1.305523247,-1.603420708,1.696410484,0.463403867,1.115569051,-1.188891443,-2.45098784,-1.305749812,0.769212496,-0.709507641,-0.053407153,-0.994368629,0.127171896,-0.343409486,-1.041693073,1.49786912,-0.677553285,0.641320125,0
-1.16937586,-0.018014894,0.892131921,-0.385694658,0.258757553,-0.444123274,1.352762537,-1.99264023,1.866490413,0.635478419,-0.188295438,0.589323309,1.205345306,0.586977382,0.21971952,0.45063001,2.321671903,-1.141853285,0.612268528,-0.06979135,0
-0.729094262,-0.700091017,-0.42628079,-0.272185991,0.825389881,-0.383692965,-0.077850332,2.238639265,-0.514142648,-0.910796757,-0.351166773,0.293994807,0.365649064,0.258200345,0.13809119,-0.785602491,1.344566645,-1.37470451,-0.294937178,-0.611704637,1
0.763643556,-1.153375396,-0.067536405,-1.342122212,0.585361103,0.085653523,-1.013127808,1.516910628,-0.740247356,-0.131152943,-0.814954505,-1.373359462,-0.070675987,-0.632075459,-1.366159978,-2.149992298,1.11437798,-0.467266628,-1.59033199,-0.129762362,0
2.011108516,1.167004958,-0.862310078,-2.433541139,0.152166726,0.797284211,-0.452163571,0.219256424,0.13844447,-1.362603013,0.034130963,0.281567562,-0.696465397,-0.737129084,-0.319736336,-1.482385736,-0.792611074,1.101128042,-1.427988675,0.148025221,0
0.058988203,-0.328838041,-0.900326797,-0.609233545,-1.216196453,0.087620802,-2.328957004,-0.050912458,1.028958296,0.499466072,2.346755571,0.330130678,-1.845714616,0.110555739,-0.073841818,0.304029317,-0.933474919,0.154837337,0.199424333,0.426765871,0
-1.240986367,0.391956876,0.925353508,0.096644972,1.302503553,-1.050045347,0.729914377,-1.839772464,0.245942659,0.116847768,-0.276889004,0.163032339,-0.996703548,-1.033103634,1.154180489,-0.62141732,-1.592359734,0.92921141,-0.379486894,1.793308407,1
0.398657849,0.521302419,0.672273919,1.008807083,0.978222777,0.092597612,0.419105846,-0.636602043,-0.895866274,-0.780553529,1.540436091,-0.462453749,1.223771563,-0.262660898,-0.068669056,-0.727059617,1.052199119,0.930129858,-0.573533864,1.450789458,0
0.991024355,1.233728957,-1.448418462,0.504904493,-1.732568694,0.78870429,1.545288133,-0.022065982,-1.124679086,-1.152921181,1.708940792,-0.645234865,-1.657494449,0.672536956,0.052178026,0.444615324,1.419784833,0.169251421,0.238684058,-0.268225921,0
0.008690299,0.351934648,-0.744040668,-1.123016742,-0.784811481,0.143583221,0.508217647,1.060445397,0.528149084,2.449588927,-1.900211148,-0.246233296,-1.408920497,0.429735366,-1.672837278,0.120522039,-1.236670037,-0.38485531,0.164523207,-0.801984689,0
1.729571834,0.032164826,0.197321135,-0.07155533,1.405327981,1.127019269,0.375729012,2.173799135,0.598379206,0.88893603,1.463934919,0.054698657,-0.447876742,0.413398063,0.205857209,0.505073893,2.17709681,0.460509866,0.087381613,-0.195419255,0
-3.02270455,0.212781631,-1.882544851,-0.188409349,-0.490097151,-1.333778538,-0.118587419,0.123849391,-1.622738968,-0.079133626,-0.16665682,1.978224726,-0.588223833,1.165443737,-1.226455731,0.026954831,-0.426041145,0.582188044,0.809889538,-1.456897767,0
0.280963101,1.238409501,1.636360905,-1.801328553,-0.760762447,0.108523574,-0.390688371,0.356680667,0.243838696,-1.354435768,-0.044929006,1.11957054,-0.980091036,0.023344155,0.527394426,-0.799874753,-1.371971902,0.326648195,-0.535615088,-0.921355146,1
-0.483057924,0.649973018,-0.742403556,-0.321428063,-0.722603262,-0.328202276,0.106686676,1.435293731,-0.723542121,-1.286925108,0.371323799,0.214899448,-0.35780046,-0.179890737,-3.011705196,-0.053097182,0.093274529,0.66807665,0.015668437,-0.029908385,1
-1.07940405,-0.146251696,-2.78913789,-0.008609741,0.477942286,-0.426542883,-0.234452899,-0.933156641,-0.158299601,1.7767202,0.415068993,-0.036138697,0.085449947,0.33106788,-0.064407078,1.097353863,0.063973746,0.91210927,0.937459824,1.318118784,1
0.732241443,0.745074021,0.012631986,0.130329817,-0.338052495,0.373324941,-0.04065962,1.668478451,-1.173213803,1.251164538,0.221996424,0.75897546,-0.204637505,-0.053849779,0.579483071,-0.28123518,-0.59140103,0.225126424,-0.315484327,0.20570786,0
-0.446758588,-0.346449689,1.0482107,-0.227743813,0.343752729,-0.318434914,0.23361368,-1.300235042,-1.897502717,0.565825151,-0.38444882,-0.349905285,1.349786073,0.134669757,-1.361471899,-1.577994709,1.082321787,0.050260299,-0.857737604,-0.513191606,1
0.520993448,1.128575273,-0.336829651,-0.37528067,-0.759058222,0.360416165,-0.027444978,0.531784879,-0.119387976,-1.586277365,2.949653056,-0.168131626,-0.67636728,0.198784515,-0.516638181,0.12914827,-0.29816125,-0.068824276,0.028170108,1.603997086,0
-0.291284407,0.845720876,-1.916884941,-0.248549082,-1.325159724,-0.32740256,-1.08323623,-0.798043297,0.968055095,-0.93132374,1.847696974,0.623908169,0.791812052,-0.000636046,0.071607323,-2.366933624,1.168546585,0.291232296,-1.398150015,0.49774796,1
0.610431642,0.13118176,-2.657420133,-1.161946269,-1.201032884,0.276650278,1.153545643,-1.270778716,0.218673829,1.069255699,1.285589778,1.477808327,-1.448944406,-0.177607282,0.614851131,-0.152602676,-1.348165121,-1.521104557,-0.241334079,0.143162966,0
